title,author,series,missing,location,tag,words,comment
가면 속의 수수께끼,,11,,,,,
기가도쿄토이박스,,6,,,,,
가시,,1,,,,,
기동전사 건담씨,,7,,,,,
그 비스크 돌은 사랑을 한다.,,2,,,,,
국립사유경제고등학교세실고,,1,,,,,
귀여운 용의 일곱 아이,,1,,,,,
괴도 키드,,5,,,,,
공룡 둘리,,1,,,,,
가정교사 히트맨 리본,,1,,,,,
공포의 물고기,,1,,,,,
goth,,1,,,,,
노다메 칸타필레,,25,,,,,
늑대와 향신료,,15,"12, 13",,,,
나의 주인님,,5,,,,,
신만이 아는 세계,,14,,,,,
스트라이크 30 스피릿,,2,,,,,
신 테니스의 왕자,,1,,,,,
유령학원,,1,,,,,
3월의 라이온,,1,,,,,
소녀요괴 자쿠로,,5,,,,,
스즈미야 하루히의 축제,,1,,,,,
스케치북,,8,,,,,
시원찮은 그녀를 위한 육성방법,,3,,,,,
지금까지 잘못 살아온 건 아니겠지?,,1,,,,,
스즈미야 하루히의 우울,,1,,,,,
신부 이야기,,7,,,,,
스즈미야 하루히의 현란,,2,,,,,
서랍 속 테라리움,,1,,,,,
소용돌이,,3,,,,,
수수께끼 무라사메,,2,,,,,
세상에서 가장 멋진 엔딩,,3,,,,,
킹게이너,,4,,,,,
음침 갸루라도 멋있어지고 싶어,,1,,,,,
아만츄,,1,,,,,
다운로드 어플리걸,,3,,,,,
던저밥,,2,,,,,
데몰리션맨 가몬,,9,,,,,
더 월드 이즈 마인,,2,,,,,
듀라라라,,3,,,,,
딸기 마시마로,,6,,,,,
동인워크,,6,,,,,
디맨션 w,,8,,,,,
다니구치 지로 산책,,1,,,,,
뉴욕뉴욕,,4,,,,,
디어,,7,,,,,
데드프린세스,,1,,,,,
드레스 차림의 내가 높으신 분들과 어쩌고저쩌고,,2,,,,,
라이어라이어,,7,,,,,
라그나로크,,10,,,,,
러브라이브 어쩌고,,12,,,,,
러키스타,,3,,,,,
Arms,,7,,,,,
카케루,,1,,,,,
하마노 메구미는 빈틈투성이,,1,,,,,
원피스,,2,,,,,
일곱개의 대죄,,8,,,,,
Upholder!,,6,,,,,
선천적 얼간이들,,2,,,,,
도그,,1,,,,,
원령사,,1,,,,,
언밸런스,,2,,,,,
은수저,,2,,,,,
잉크에 빠진 숟가락,,1,,,,,
에미야 가의 오늘의 밥상,,1,,,,,
잉의 노래,,1,,,,,
페이트 어쩌고,,1,,,,,
언덕 위의 마법사,,1,,,,,
에너지인게이지,,1,,,,,
여포양,,3,,,,,
이누보쿠ss,,1,,,,,
인형의 집,,1,,,,,
여동생은 사춘기,,2,,,,,
어느 과학의 초전자포,,4,,,,,
원펀맨,,3,,,,,
아토리 요괴비사,,6,,,,,
목소리의 형태,,8,,,,,
마법사의 신부,,14,02월 08일,,,,
시네마 토킹 어바웃,,1,,,,,
마리어쩌고 음악,,2,,,,,
마술사 오펜,,24,,,,,
마법사에게 소중한 것,,2,,,,,
마법소녀 마도카 마기카,,3,,,,,
마법률 사무소,,1,,,,,
민속탐정 야쿠모,,9,,,,,
마오유우,,2,,,,,
모브 사이코 100,,12,,,,,
메이드인어비스,,7,,,,,
부르잖아요 아자젤씨,,5,,,,,
보통연애,,2,,,,,
바쿠맨2,,1,,,,,
빈곤자매이야기,,4,,,,,
문화콘텐츠의 이해,,1,,,,,
얼짱,,5,,,,,
영감,,3,,,,,
아라카와 언더 브리지,,15,,,,,
노자키군,,9,,,,,
옆자리 세키군,,8,,,,,
오나의여신님,,5,,,,,
이웃집801양,,1,,,,,
위벨블라드,,12,,,,,
아카메가 벤다,,1,,,,,
Elementary greed,,4,,,,,
이드,,12,,,,,
Nhk에 어서오세요,,5,,,,,
빙과,,2,,,,,
불멸의 그대에게,,3,,,,,
빅오더,,2,,,,,
베터리,,1,,,,,
바니타스의 수기,,2,,,,,
비블리아 고서당 사건수첩,,3,,,,,
백귀야행,,14,,,,,
불릿 더 위저드,,4,,,,,
바이오그 트리니티,,3,,,,,
(한자)기차소년,,6,,,,,
잔혹한 신이 지배한다.,,3,,,,,
작안의샤나,,6,,,,,
지구인,,5,,,,,
저주해결사자매요요와네네,,2,,,,,
진격의거인,,1,,,,,
전자상가의서점아가시,,1,,,,,
최종병기그녀,,1,,,,,
장난을잘치는타다키양,,2,,,,,
박무직,,5,,,,,
토라도라,,2,,,,,
토미에,,1,,,,,
프랑켄슈타인,,2,,,,,
츠바사,,1,,,,,
피아노의 숲,,1,,,,,
프리즈마 이리야,,3,,,,,
푸드파이터 타베루,,1,,,,,
코바,,1,,,,,
크레이지 보이,,2,,,,,
쿠마,,1,,,,,
개와 공주,,5,,,,,
이매진 새크러먼트,,3,,,,,
검신의 계승자,,2,,,,,
검술학교의 연애사정,,4,,,,,
괴물이야기,,1,,,,,
기어와라 나루코양,,1,,,,,
강철의 누이들,,1,,,,,
걸즈 엔 판처,,1,,,,,
강하지 않은 채로 뉴게임,,2,,,,,
고식,,6,,,,,
경계선상의 호라이즌,,4,,,,,
라이징x라이딘,,4,,,,,
반쪽 달이 떠오르는 하늘,,3,,,,,
나나히메,,1,,,,,
내가 아가씨 학교에 서민 샘플로 납치당한 사건,,11,,,,,
(일본어)이토구,,3,,,,,
늑대와 향신료,,4,,,,,
닌자 슬레이어,,1,,,,,
키미키스,,4,,,,,
카스텔라 레시피,,22,,,,,
클레이모어,,2,,,,,
Cat shit one 80,,4,,,,,
Cat shit one,,3,,,,,
토끼 드롭스,,1,,,,,
백귀야행,,8,,,,,
두번째 여름 두번 다시 만날 수 없는 너,,1,,,,,
던전 디펜스,,3,,,,,
크로스 토크,,1,,,,,
퀸즈 나이트 카엘,,1,,,,,
데타마카,,2,,,,,
더블 캐스트,,2,,,,,
토끼,,3,,,,,
두 사람의 거리추정,,1,,,,,
드래곤 라자,,3,,,,,
단장의 그림,,1,,,,,
도쿄 레이븐즈,,2,,,,,
레벨 0 마스터,,2,,,,,
레이디 버틀러,,8,,,,,
rod,,11,,,,,
리리아와 트레이즈,,6,,,,,
류가죠 나나메의 매장금,,1,,,,,
룸 넘버 1301,,11,,,,,
로그 호라이즌,,9,,,,,
하야테처럼!,,23,,,,,
한때는 신이였던 짐승,,4,,,,,
해바라기,,4,,,,,
호즈키 가의 누님,,4,,,,,
해피,,8,,,,,
한마 바키 외전,,1,,,,,
한마 바키,,16,,,,,
흉기의 발명,,1,,,,,
추억이 방울방울,,4,,,,,
마녀 배달부 키키,,1,,,,,
바람계곡의 나우시카,,1,,,,,
천공의 성 라퓨타,,1,,,,,
붉은 돼지,,1,,,,,
14세의 사랑,,3,,,,,
스트라이크,,1,,,,,
인피니트 스트라에스,,1,,,,,
마법전쟁,,1,,,,,
츠키츠키,,1,,,,,
손만 잡고 잤을텐데,,6,,,,,
프리라이프,,1,,,,,
몬스패닉,,1,,,,,
미싱,,1,,,,,
망향교회,,1,,,,,
(한자)마녀의 상,,2,,,,,
문학소녀와 얽매인 바보,,2,,,,,
문학소녀와 더럽혀진 천사,,1,,,,,
문학소녀와 죽고 싶은 광대,,3,,,,,
문학소녀와 굶주리고 목마른 유령,,2,,,,,
문학소녀와 통곡의 순례자,,1,,,,,
막달라에서 잠들라,,5,,,,,
미소녀 게임의 세계의 어서오세요!,,2,,,,,
비탄의 아리아,,11,,,,,
블랙 블러드 브라더즈,,4,,,,,
바케라노,,1,,,,,
별의 목소리,,1,,,,,
불완전 신성기관 이리스,,10,,,,,
로젠 메이든,,3,,,,,
반쪽 달이 떠오르는 하늘,,1,,,,,
타로의 주인님,,1,,,,,
만화원론,,1,,,,,
역시 내 청춘 러브코메디는 잘못됐다.,,12,,,,,
내여귀,,12,,,,,
소드 아트 온라인,,6,,,,,
소아온 프로그래시브,,10,,,,,
소드걸스,,2,,,,,
슬레이어즈,,3,,,,,
슈타인즈 게이트,,2,,,,,
상처이야기,,1,,,,,
소드걸즈 다크,,4,,,,,
A 군의 전쟁,,8,,,,,
스즈미야 하루히 시리즈,,11,,,,,
신약 어떤 마술의 금서목록,,13,,,,,
하루카,,2,,,,,
하늘색 펜더믹,,4,,,,,
핵생회의 월말,,2,,,,,
하느님의 메모장,,4,,,,,
학원 키노,,3,,,,,
헤비 오브젝트,,1,,,,,
헤비 오브젝트 채용전장,,1,,,,,
황혼색의 명영사,,10,,,,,
하트 커넥트,,1,,,,,
렛츠 고!!,,13,,,,,
레츠 고!! bat,,7,,,,,
심 인,,8,,,,,
컴벳 메탈 헤모수,,7,,,,,
코스츔코스츔,,3,,,,,
아수라 크라잉,,7,,,,,
흑마법으로 사랑을 한다,,2,,,,,
이 몸을 쓰러트릴 용사 구함,,1,,,,,
얼음 나라의 아마릴리스,,1,,,,,
위익의 프래그먼트,,1,,,,,
어떤 마술의 금서목록,,13,,,,,
어떤 마술의 금서목록ss,,1,,,,,
은하영웅전설,,4,,,,,
Mm!,,12,,,,,
중2병 데이즈,,1,,,,,
오버로드,,7,,,,,
A peanuts book,,9,,,,,
(일본어),,3,,,,,
Mar,,2,,,,,
Highschool dead,,8,,,,,
나의 라임 오렌지나무,,2,,,,,
천공의 알카미레스,,1,,,,,
천경의 알데라인,,1,,,,,
창구의 라피스 라줄리,,1,,,,,
청의 엑소시스트,,1,,,,,
칼이야기,,2,,,,,
컬라이더메이즈,,3,,,,,
코드기어스,,3,,,,,
쿠레나이,,1,,,,,
캠퍼,,3,,,,,
킬러브,,4,,,,,
풀 메탈 패닉,,20,,,,,
+1시의 신세계,,2,,,,,
Pes 제왕고교,,2,,,,,
플라토닉 체인,,1,,,,,
태양의 탑,,2,,,,,
금색의 갓슈!!,,11,,,,,
돌아온 금색의 갓슈!!,,6,,,,,
건담 레거시,,3,,,,,
개구리 하사 케로로,,12,,,,,
괴물왕녀,,14,,,,,
Gunslinger girl,,15,,,,,
니켈로디언,,1,,,,,
강철의 연금술사,,1,,,,,
고,,1,,,,,
슛!,,32,,,,,
스피릴 서클,,2,,,,,
사카모토입니다만?,,4,,,,,
신 암행어사,,2,,,,,
유령학원,,1,,,,,
우울온천,,1,,,,,
사일런트 뫼비우스,,6,,,,,
(한자) 모름,,4,,,,,
school rumble,,13,,,,,
나이트런,,2,,,,,
늑대아이,,1,,,,,
나츠메 우인장,,7,,,,,
니아 언더 세븐,,2,,,,,
니체선생,,4,,,,,
내 여자 마리,,10,,,,,
뉴 게임,,7,,,,,
러브 인 러브,,10,,,,,
드래곤 드림,,5,,,,,
딸기 100%,,3,,,,,
더 월드 이즈 마인 ,,3,,,,,
Danza,,1,,,,,
동방맹월초,,3,,,,,
동물원 고양이,,1,,,,,
돈이 없어,,4,,,,,
와일드 어댑터,,6,,,,,
아키라,,12,,,,,
요츠바랑!,,12,,,,,
아기와 나,,13,,,,,
aat,,2,,,,,
아기공룡 둘리,,5,,,,,
Omega tribe,,14,,,,,
Level E,,2,,,,,
로젠 메이든,,3,,,,,
미스터 초밥왕,,12,,,,,
대양의 바람,,4,,,,,
무적코털 보보보,,7,,,,,
마법서점,,1,,,,,
미나미가,,6,,,,,
문라이트 마일,,4,,,,,
이니셜 D,,4,,,,,
Skt,,2,,,,,
공상과학 에디슨,,1,,,,,
Working!!,,9,,,,,
오늘의 5의2,,2,,,,,
여름의 폭풍,,3,,,,,
위치 헌터,,6,,,,,
전웅전,,3,,,,,
은사랑,,6,,,,,
일상,,10,,,,,
아사미야 여동생,,3,,,,,
아이 앰 어 히어로,,15,,,,,
바니타스의 수기,,1,,,,,
clothroad,,7,,,,,
바라카몬,,16,,,,,
비밀,,3,,,,,
Spirit of Wonder,,1,,,,,
어색해도 괜찮아,,5,,,,,
진 월 당,,8,,,,,
울어라 펜,,4,,,,,
죠죠의 기묘한 모험,,14,,,,,
제멋대로 카이조,,26,,,,,
87clockers,,1,,,,,
쵸비츠,,7,,,,,
치비츄키,,3,,,,,
첫사랑 한정,,4,,,,,
쵸비츠 애장판,,1,,,,,
치즈 인 더 트랩,,3,,,,,
철냄비 짱,,5,,,,,
체리 신드롬,,10,,,,,
광란 가족 일기,,9,,,,,
강각의 레기오스,,9,,,,,
기신전기 던브링어,,3,,,,,
기프티드,,2,,,,,
공의 경계,,5,,,,,
나는 아직 사랑에 빠지지 않았다,,3,,,,,
노기자카 하루카의 비밀,,1,,,,,
너의 이름은,,1,,,,,
낙제 기사의 영웅담,,1,,,,,
늑대와 양피지,,1,,,,,
나와 호랑이님,,6,,,,,
노벨 배틀러,,1,,,,,
녹턴 아르페지오,,1,,,,,
내 천사는 연애 금지!,,1,,,,,
쿠래나이,,4,,,,,
콜레트,,1,,,,,
카케루,,11,,,,,
카시다시,,4,,,,,
쿠라시나 선생의 수난,,1,,,,,
카미츄!,,2,,,,,
키친,,3,,,,,
킹 오브 밴디트징,,6,,,,,
Pneau for me,,1,,,,,
알파,,4,,,,,
clover,,4,,,,,
킹덤 하츠,,4,,,,,
Pundoraheam,,25,,,,,
도시락 전쟁,,7,,,,,
던전에서 만남을 추구하면 안되는 걸까,,7,,,,,
도쿄 레이븐스,,4,,,,,
단탈리안의 서가,,1,,,,,
데타마카,,3,,,,,
예언서의 마녀와 보물의 게임,,4,,,,,
대전설의 용자의 전설,,3,,,,,
드래곤 X 프린세스 X 블레이드,,1,,,,,
리리아와 트레이즈,,1,,,,,
Re: 제로부터 시작하는 이세계 생활,나가츠키 탓페이,7,,d4x,이세계,테스트중입니다. 반가워요!,
렌탈 마법사,,12,,,,,
롤랑 수도원 사건일지,,2,,,,,
류카죠 나나나의 매장금,,1,,,,,
하츠네 믹스,,3,,,,,
현시연,,1,,,,,
허니와 클로버,,5,,,,,
하늘가는대로,,5,,,,,
헤라미 자매는 둘 다 병들어 있어,,1,,,,,
(한자)혈계전선,,4,,,,,
히나마츠리,,12,,,,,
하나마루 유치원,,4,,,,,
학교선생님,,5,,,,,
동경소년이야기,,1,,,,,
호노카 레벨,,2,,,,,
새벽의 천사들,,4,,,,,
빙결계의 에덴,,2,,,,,
멕과 셀론,,5,,,,,
미망인 그 아이와 마을사람 A,,1,,,,,
마탄의 왕과 바나디스,,3,,,,,
바보와 시험과 소환수,,10,,,,,
바카노!,,7,,,,,
성검사의 금주영창,,4,,,,,
사신의 발라드,,5,,,,,
환황원의 암살자,,1,,,,,
세계 제일의 여동생님,,1,,,,,
스트레이트 제킷,,2,,,,,
스칼렛 위저드,,1,,,,,
스트라이크 더 블러드,,2,,,,,
신의 게임,,2,,,,,
시큐브,,1,,,,,
사무라이 가드,,4,,,,,
시노노메 유우코는 단편 소설을 사랑한다. 시리즈,,3,,,,,
세계의 중심 하리미야마씨,,2,,,,,
새장관의 오늘도 졸린 주민들,,3,,,,,
엘소드,,4,,,,,
용사가 마왕을 무찌를 때 우리들도 있었다.,,1,,,,,
온라인 게임의 신부는 여자아이라고 생각한거야?,,1,,,,,
언시즈,,1,,,,,
우리 엄마가 17세가 되었다.,,1,,,,,
이리야의 하늘 ufo의 여름,,1,,,,,
월드 엔드 이코노미카,,1,,,,,
스미가,,1,,,,,
시프트,,1,,,,,
언젠가는 대마왕,,6,,,,,
S.i.r.e.n,,1,,,,,
시즈루와 비뚤어진 사자들,,1,,,,,
사이코 로지컬,,1,,,,,
성각의 용기사,,4,,,,,
소환학원의 암살자,,1,,,,,
스페로 스페라,,2,,,,,
에이루지,,3,,,,,
엑셀 월드,,3,,,,,
이능배틀은 일상계 속에서,,7,,,,,
여우와 둔갑설계도,,1,,,,,
아지랑이 데이즈,,2,,,,,
워드 월드,,1,,,,,
앨리슨,,1,,,,,
이 멋진 세계에 축복을!,,2,,,,,
오토x마호,,3,,,,,
알바 뛰는 마왕님,,5,,,,,
오오카미 씨와 7명의 동료들,,5,,,,,
안테노리 사이크,,1,,,,,
악성 소녀,,2,,,,,
용사님의 스승님,,1,,,,,
앱솔루트 듀오,,1,,,,,
절대적 고독자,,1,,,,,
종말의 세라프,,1,,,,,
집 지키는 반시,,4,,,,,
작은 마녀와 하늘을 나는 여우,,1,,,,,
종말에 뭐하세요? 바쁘세요? 구해 주실 수 있나요?,,3,,,,,
제로의 사역마,,16,,,,,
21세기 아리랑늘부터,,5,,,,,
(일본어)릴리아와 트레이즈,,6,,,,,
(일본어)키노 여행 외전,,2,,,,,
고우영,,10,,,,,
기동전사 건담 백과,,1,,,,,
(일본어)보이니치 호텔,,3,,,,,
(일본어)사랑은 비가 오는 것 처럼,,1,,,,,
(일본어)시원찮은 그녀의 육성방법,,6,,,,,
The idolmster,,1,,,,,
종말의 클로니클,,9,,,,,
정의 소녀 환상,,1,,,,,
주먹 다짐 스킨십,,1,,,,,
GJ 부,,1,,,,,
정령사의 검무,,2,,,,,
참마대성,,1,,,,,
초인동맹에 어서 오세요,,6,,,,,
천계적 이세계 전생담,,2,,,,,
청춘 돼지는 바니걸 선배의 꿈을 꾸지 않는다.,카모시다 하지메,1,,E5X,"러브코미디, 애니화",테스트중입니다. 반가워요!,
청춘 돼지는 소악마 후배의 꿈을 꾸지 않는다.,카모시다 하지메,1,,E5X,"러브코미디, 애니화",테스트중입니다. 반가워요!,
청춘 돼지는 로지컬 미녀의 꿈을 꾸지 않는다.,카모시다 하지메,1,,E5X,"러브코미디, 애니화",테스트중입니다. 반가워요!,
패미맛!,,2,,,,,
컷팅,,4,,,,,
토네리코의 왕,,1,,,,,
트릭스터스,,4,,,,,
헬미,,2,,,,,
키노의 여행,,14,,,,,
파라켈수스의 딸,,4,,,,,
귀멸의 칼날,,23,,,,,
스파이 페밀리,,15,,,,,
고깔모자의 아틀리에,,3,,,,,
제이앰,,6,,,,,
고양이와 용,,1,,,,,
드래곤볼,,34,,,,,
헌터x헌터,,7,,,,,
한의주인,,10,,,,,
얼음개 리코,,1,,,,,
괴기천만! 네코마시 상점가,,1,,,,,
,, ,,,,,
